{"cameraMode":{"drawMode":0,"name":"Shaded","section":"Shading Mode"},"sceneLighting":true,"audioPlay":false,"sceneViewState":{"m_AlwaysRefresh":false,"showFog":true,"showSkybox":true,"showFlares":true,"showImageEffects":true,"showParticleSystems":true,"showVisualEffectGraphs":true,"m_FxEnabled":true},"in2DMode":false,"pivot":{"x":161.14617919921876,"y":46.733924865722659,"z":8.741098403930664},"rotation":{"x":-0.2147192507982254,"y":0.06222505122423172,"z":-0.010913197882473469,"w":-0.9748899340629578},"size":42.62209701538086,"orthographic":false}