{"cameraMode":{"drawMode":0,"name":"Shaded","section":"Shading Mode"},"sceneLighting":false,"audioPlay":false,"sceneViewState":{"m_AlwaysRefresh":false,"showFog":true,"showSkybox":false,"showFlares":true,"showImageEffects":true,"showParticleSystems":true,"showVisualEffectGraphs":true,"m_FxEnabled":true},"in2DMode":false,"pivot":{"x":0.08408758044242859,"y":0.41014817357063296,"z":0.00958251953125},"rotation":{"x":0.33754101395606997,"y":-0.42656755447387698,"z":0.1727375090122223,"w":0.8213729858398438},"size":0.603627622127533,"orthographic":false}